Numero,Vecinos,Porcentaje,Accuracy,Precision,Recall,Time
0,50,50,0.9240952380952381,0.9240686420562859,0.923427350952673,14.012353420257568
